1640907534000|||1692194.0|||Series A|||104
1566147853000|||1670131.0|||Series B|||206
1552915176000|||nan|||Seed|||413
1609513637000|||2157817.0|||Series C|||264
1628856933000|||1106090.0|||Series B|||356
1611175240000|||2422093.0|||Seed|||842
1627969556000|||780832.0|||Series C|||596
1644828286000|||2989647.0|||Seed|||329
1565701733000|||3324416.0|||Series B|||187
1588260127000|||766852.0|||Seed|||350
1575039365000|||3369246.0|||Series B|||879
1546424692000|||353009.0|||Seed|||227
1570960878000|||1125711.0|||Seed|||608
1568750965000|||48185.0|||Series C|||505
1636062455000|||2147160.0|||Series B|||432
1597111710000|||3274582.0|||Series B|||329
1583404713000|||1919976.0|||Series C|||330
1604281586000|||1016408.0|||Series C|||545
1552675034000|||4464894.0|||Series C|||724
1563137797000|||3644170.0|||Series A|||423
1645405159000|||2633502.0|||Series A|||724
1631899866000|||2097783.0|||Seed|||740
1575593718000|||nan|||Series C|||324
1564453470000|||nan|||Series B|||711
1582242843000|||862078.0|||Series B|||695
1641794622000|||3741856.0|||Series A|||364
1556365576000|||nan|||Series A|||720
1564493067000|||2921707.0|||Series B|||960
1592228131000|||4797096.0|||Series B|||247
1616409921000|||1715626.0|||Series C|||551
1609706087000|||4015252.0|||Seed|||699
1576315234000|||3997074.0|||Series C|||691
1628944793000|||3882900.0|||Seed|||765
1550808499000|||570491.0|||Series C|||755
1552459262000|||500156.0|||Series A|||844
1643243786000|||1141567.0|||Seed|||730
1604884588000|||2546946.0|||Series C|||453
1576487450000|||4918963.0|||Series A|||84
1564654111000|||3065208.0|||Series A|||551
1643253416000|||508865.0|||Series B|||36
1613221375000|||3613366.0|||Series B|||623
1608598482000|||3065666.0|||Series B|||467
1556546016000|||712283.0|||Series C|||301
1611240360000|||1039525.0|||Series A|||458
1636310665000|||4006992.0|||Series B|||849
1629715551000|||279822.0|||Series B|||736
1575609996000|||4548865.0|||Series C|||456
1615292483000|||3925524.0|||Series C|||919
1642078206000|||3235298.0|||Seed|||674
1583826355000|||2353245.0|||Series B|||598
1562123940000|||3836409.0|||Series C|||901
1595246527000|||2019240.0|||Series C|||367
1641825083000|||2811427.0|||Series C|||175
1603785473000|||918456.0|||Series C|||445
1557994133000|||3483428.0|||Series B|||63
1572119243000|||4787627.0|||Seed|||148
1599636901000|||391250.0|||Seed|||977
1601745811000|||nan|||Series B|||250
1554247744000|||3721517.0|||Series B|||395
1598201833000|||3081726.0|||Seed|||235
1572688491000|||4894265.0|||Series A|||172
1573590495000|||2856571.0|||Series C|||102
1579136643000|||892081.0|||Series B|||367
1603122133000|||1554310.0|||Series C|||344
1591011452000|||1550513.0|||Seed|||465
1582196589000|||3607120.0|||Seed|||932
1558034648000|||4357850.0|||Series B|||37
1570787632000|||4571230.0|||Series A|||9
1561415077000|||2906070.0|||Series A|||493
1607519320000|||1452070.0|||Series A|||716
1562853275000|||4506720.0|||Series C|||254
1599120582000|||3473287.0|||Series C|||652
1622816521000|||nan|||Seed|||80
1608496933000|||4194775.0|||Seed|||712
1642498804000|||505508.0|||Seed|||714
1569523581000|||2950122.0|||Series C|||794
1616250172000|||4465842.0|||Seed|||207
1598357626000|||2968626.0|||Series B|||132
1616305801000|||2211958.0|||Seed|||956
1631282232000|||3659072.0|||Series B|||179
1636639055000|||1941289.0|||Series C|||114
1556284078000|||362385.0|||Series A|||514
1557221636000|||3631941.0|||Series A|||127
1624994940000|||1861738.0|||Series C|||225
1614197389000|||3390212.0|||Series C|||521
1604888895000|||3005102.0|||Series C|||149
1600121229000|||54580.0|||Series B|||698
1620377150000|||2980684.0|||Series B|||736
1609430136000|||2328335.0|||Series A|||933
1597900441000|||3568919.0|||Series B|||50
1636862456000|||4032476.0|||Seed|||410
1599283969000|||4087350.0|||Series C|||424
1569515620000|||2690475.0|||Series C|||563
1618742005000|||3961292.0|||Seed|||500
1624824580000|||nan|||Seed|||151
1610745594000|||4980071.0|||Seed|||943
1611900303000|||1110659.0|||Series A|||641
1557786311000|||3028044.0|||Series A|||50
1557178970000|||2396344.0|||Series C|||558
1589058124000|||1769039.0|||Series B|||320
1623561767000|||2910512.0|||Series B|||554
1564269132000|||2286888.0|||Series B|||692
1629517170000|||4551402.0|||Series B|||558
1629926235000|||3053904.0|||Series B|||569
1575478440000|||676846.0|||Seed|||206
1636550386000|||3108278.0|||Seed|||623
1570309303000|||2671008.0|||Series B|||201
1587078604000|||1227881.0|||Series C|||664
1593494712000|||681246.0|||Series B|||290
1635086679000|||nan|||Seed|||943
1627871793000|||1915275.0|||Series B|||949
1596608365000|||1053175.0|||Series B|||734
1637208801000|||2055601.0|||Seed|||814
1550307481000|||322457.0|||Series B|||429
1591620539000|||213351.0|||Series A|||90
1593428073000|||1485163.0|||Seed|||67
1547460183000|||1787311.0|||Series C|||888
1631986837000|||3855940.0|||Series A|||263
1622577176000|||3229285.0|||Series B|||510
1587354237000|||1908602.0|||Series C|||719
1579663105000|||2930537.0|||Seed|||264
1570232949000|||nan|||Series A|||782
1551136113000|||3287105.0|||Seed|||458
1614306055000|||572218.0|||Series A|||821
1589098173000|||834536.0|||Series A|||956
1640502767000|||2617101.0|||Series C|||62
1598491450000|||1549220.0|||Series A|||460
1570739778000|||3608528.0|||Seed|||958
1548922844000|||nan|||Series B|||632
1640900720000|||4414394.0|||Series C|||782
1608847728000|||1137777.0|||Seed|||606
1645127750000|||3433183.0|||Series A|||17
1555715648000|||1066091.0|||Series B|||913
1555520775000|||4660106.0|||Series C|||332
1627966208000|||4014243.0|||Seed|||152
1645959567000|||1718705.0|||Series B|||792
1577441111000|||nan|||Series B|||674
1550184606000|||1288660.0|||Series A|||214
1625392279000|||1575899.0|||Seed|||989
1614144157000|||1913822.0|||Series C|||641
1573160594000|||170528.0|||Seed|||812
1602183307000|||3898825.0|||Series C|||896
1647135082000|||3120910.0|||Series C|||396
1635009475000|||4397159.0|||Seed|||897
1594075749000|||1328942.0|||Seed|||27
1644796645000|||1048012.0|||Series B|||547
1574594199000|||3934222.0|||Seed|||110
1613531411000|||nan|||Series B|||169
1558775249000|||4116535.0|||Series A|||782
1587436097000|||1716453.0|||Series C|||933
1564287214000|||nan|||Series C|||696
1573520784000|||3546062.0|||Series C|||639
1647138131000|||3769618.0|||Series A|||323
1614888182000|||4771245.0|||Seed|||183
1608495878000|||3393803.0|||Series A|||204
1574715174000|||1474962.0|||Series C|||412
1611118864000|||1678084.0|||Series A|||100
1621094544000|||1071896.0|||Seed|||395
1556622560000|||2325887.0|||Seed|||924
1575499467000|||4682727.0|||Series B|||431
1621140306000|||4892715.0|||Series C|||966
1640601623000|||1621107.0|||Series C|||245
1639437384000|||365009.0|||Series C|||560
1587368077000|||2764449.0|||Seed|||255
1595504755000|||nan|||Series B|||527
1572290519000|||175828.0|||Series A|||169
1584167677000|||2185538.0|||Series C|||426
1594040528000|||2284719.0|||Series A|||434
1592434307000|||113467.0|||Seed|||418
1597798932000|||3408314.0|||Series A|||35
1601312301000|||3811820.0|||Seed|||987
1613951483000|||4855122.0|||Seed|||464
1577888751000|||4795929.0|||Series B|||350
1619456989000|||2766888.0|||Series A|||390
1610322234000|||3732253.0|||Seed|||813
1572309925000|||2220989.0|||Seed|||416
1645281558000|||3500932.0|||Series B|||647
1619066034000|||1916845.0|||Series B|||90
1619738407000|||4905838.0|||Series B|||462
1598387125000|||4168955.0|||Series B|||375
1641769083000|||1424722.0|||Seed|||712
1553759388000|||2758443.0|||Series A|||759
1573146999000|||3663771.0|||Series A|||202
1546379521000|||2205105.0|||Seed|||876
1570974982000|||3818583.0|||Series B|||814
1569200330000|||4600173.0|||Series B|||289
1567394883000|||3912962.0|||Seed|||880
1617039854000|||3910870.0|||Seed|||810
1634342290000|||4392569.0|||Series A|||575
1594031124000|||nan|||Series A|||156
1611093272000|||1448910.0|||Series B|||651
1638514508000|||nan|||Series B|||382
1642880463000|||4327552.0|||Series B|||890
1584846657000|||1105826.0|||Series B|||811
1619171485000|||280765.0|||Seed|||98
1577984626000|||1474341.0|||Series A|||318
1612105206000|||607123.0|||Series B|||604
1558132363000|||3969333.0|||Series B|||110
1604661772000|||1497803.0|||Series C|||491
1589982961000|||2459441.0|||Series C|||43
1558066809000|||4655618.0|||Seed|||445
1611622896000|||871378.0|||Series C|||789
1546342942000|||3248282.0|||Series A|||362
1632634759000|||1425250.0|||Series A|||93
1602655123000|||3804802.0|||Series B|||712
1643958223000|||4757234.0|||Series A|||319
1559387290000|||nan|||Series A|||527
1631327851000|||2248136.0|||Series B|||875
1556322546000|||3002937.0|||Seed|||172
1562683063000|||3258040.0|||Seed|||766
1580351088000|||3337899.0|||Series A|||306
1558426209000|||2278800.0|||Series B|||412
1595186987000|||520845.0|||Series C|||175
1611940553000|||2275400.0|||Series A|||844
1575274260000|||4281119.0|||Series A|||563
1627075579000|||3727865.0|||Series C|||557
1602052440000|||nan|||Series A|||565
1548486013000|||1207451.0|||Series A|||61
1580900288000|||3765730.0|||Series B|||30
1586158406000|||319596.0|||Series C|||534
1554965517000|||4479960.0|||Series B|||626
1630140691000|||696080.0|||Seed|||771
1556765875000|||2949825.0|||Series C|||830
1609727373000|||4067800.0|||Series B|||35
1552904457000|||3146853.0|||Series A|||250
1614465400000|||4535088.0|||Series A|||779
1633621003000|||67333.0|||Series C|||71
1574616333000|||884054.0|||Series A|||148
1549299637000|||2359573.0|||Series B|||326
1583696596000|||3238743.0|||Series A|||706
1627261498000|||4210244.0|||Series B|||148
1559141320000|||4813866.0|||Series C|||879
1578760663000|||2946238.0|||Seed|||857
1596278212000|||nan|||Series B|||475
1618116023000|||4790508.0|||Series C|||178
1557627116000|||413918.0|||Series A|||666
1571241648000|||2734178.0|||Seed|||935
1640646402000|||2788773.0|||Series C|||282
1645449978000|||2193980.0|||Series A|||0
1553048546000|||4717313.0|||Series B|||899
1632919687000|||2641077.0|||Series B|||461
1558680555000|||2893515.0|||Series A|||470
1616633954000|||4176228.0|||Series A|||236
1637083905000|||3761916.0|||Seed|||417
1592551997000|||1019425.0|||Series A|||846
1575743176000|||nan|||Series A|||345
1576600136000|||nan|||Series B|||520
1623710144000|||1584226.0|||Series C|||339
1578609562000|||3663163.0|||Series A|||2
1638687977000|||1132917.0|||Series A|||563
1575773844000|||545737.0|||Seed|||897
1601438719000|||4561758.0|||Series A|||454
1618721729000|||1206376.0|||Seed|||828
1568292996000|||3398650.0|||Series C|||977
1618356641000|||4585936.0|||Series B|||844
1599673178000|||4548787.0|||Series B|||798
1624427753000|||3743957.0|||Seed|||500
1640231370000|||3037156.0|||Series A|||182
1619513636000|||4559614.0|||Series A|||495
1613225102000|||1506574.0|||Series A|||272
1606720642000|||1949912.0|||Series C|||258
1641802688000|||4792422.0|||Seed|||423
1635679189000|||2944466.0|||Series C|||660
1554914030000|||2994387.0|||Series B|||448
1581954232000|||1284579.0|||Series C|||506
1615789607000|||4500663.0|||Series A|||966
1631649408000|||3133009.0|||Series B|||72
1604357451000|||nan|||Series A|||427
1624437710000|||4071702.0|||Series A|||655
1633477482000|||4349269.0|||Seed|||151
1640158841000|||4973493.0|||Series B|||689
1609194723000|||95352.0|||Series A|||43
1561939676000|||4779401.0|||Series B|||85
1600899062000|||2310812.0|||Seed|||519
1601176806000|||732775.0|||Series C|||779
1629969715000|||2519228.0|||Series B|||406
1600588134000|||919797.0|||Series C|||684
1615088541000|||3638763.0|||Series A|||208
1619345813000|||4093121.0|||Seed|||206
1553583949000|||2882225.0|||Series A|||605
1582023571000|||4295075.0|||Seed|||394
1571234852000|||3404112.0|||Series C|||355
1599449473000|||753088.0|||Series B|||746
1617546695000|||4602853.0|||Series A|||615
1635396598000|||3250566.0|||Seed|||724
1639678479000|||582210.0|||Series B|||533
1623912161000|||1934169.0|||Series B|||363
1598538709000|||2845291.0|||Seed|||675
1629943143000|||1178616.0|||Series B|||975
1579951731000|||4130772.0|||Series B|||384
1566293038000|||4591129.0|||Series B|||88
1637019204000|||4108169.0|||Series B|||354
1571056220000|||1167157.0|||Series B|||454
1634865540000|||2405404.0|||Seed|||990
1644044770000|||1906159.0|||Series C|||124
1554660955000|||2856368.0|||Series C|||246
1556342082000|||3830613.0|||Series A|||457
1598880438000|||1150766.0|||Seed|||89
1631876215000|||3193360.0|||Series C|||361
1601290638000|||4984232.0|||Series A|||823
1580028901000|||814511.0|||Series B|||241
1607257326000|||2168979.0|||Series A|||945
1627485858000|||2109339.0|||Seed|||924
1599527584000|||765209.0|||Series B|||578
1572389529000|||4248688.0|||Seed|||302
1571529188000|||3688145.0|||Series C|||619
1616154510000|||255033.0|||Series B|||778
1587907464000|||4345703.0|||Series B|||486
1596388119000|||4911332.0|||Series A|||578
1630615558000|||4161664.0|||Series C|||37
1622739039000|||3768392.0|||Seed|||682
1602416372000|||620881.0|||Seed|||286
1597351889000|||2944663.0|||Seed|||97
1583137754000|||606406.0|||Series A|||837
1635883868000|||4528146.0|||Seed|||568
1552986380000|||2745610.0|||Series C|||427
1556886783000|||4769116.0|||Seed|||766
1643067027000|||4237809.0|||Seed|||647
1584432457000|||756461.0|||Series C|||456
1594776070000|||4307405.0|||Series B|||726
1641936673000|||2391572.0|||Series A|||942
1628139569000|||2918584.0|||Series B|||316
1622607398000|||2516282.0|||Series C|||994
1612407582000|||2820099.0|||Series B|||852
1585928339000|||4898669.0|||Series C|||173
1637022339000|||3429089.0|||Seed|||463
1560587727000|||4178981.0|||Series C|||773
1561841173000|||4454834.0|||Series B|||590
1577856446000|||1962294.0|||Series B|||212
1591024130000|||2663991.0|||Series B|||387
1631996540000|||768099.0|||Seed|||635
1600000075000|||1904513.0|||Seed|||200
1639392314000|||1980521.0|||Seed|||925
1552143957000|||4523990.0|||Seed|||770
1566043915000|||4563372.0|||Series B|||246
1609247779000|||4728738.0|||Seed|||24
1558742114000|||653240.0|||Series B|||618
1560040608000|||1246344.0|||Series A|||728
1548613550000|||4982399.0|||Series C|||836
1571423867000|||4837198.0|||Series C|||237
1551804499000|||4940126.0|||Series A|||853
1549391351000|||4472007.0|||Series A|||943
1633595723000|||2315272.0|||Seed|||693
1547308181000|||2982112.0|||Series C|||630
1595057117000|||2013736.0|||Seed|||66
1587904015000|||426630.0|||Series A|||684
1596181158000|||247555.0|||Seed|||573
1638575661000|||1801447.0|||Series B|||295
1640090314000|||425951.0|||Series C|||998
1587809470000|||335010.0|||Series A|||361
1567813679000|||837461.0|||Series C|||412
1633560955000|||2320651.0|||Seed|||612
1596772020000|||1385009.0|||Seed|||826
1612663630000|||1314287.0|||Series C|||192
1605334275000|||2983543.0|||Series B|||142
1565172344000|||4059780.0|||Series C|||695
1571021825000|||1420684.0|||Series B|||712
1577761664000|||4732630.0|||Seed|||93
1598302796000|||3441549.0|||Series A|||260
1561833944000|||4747793.0|||Series A|||70
1577941786000|||882374.0|||Seed|||674
1584472710000|||1944302.0|||Seed|||319
1592297528000|||nan|||Seed|||167
1591897525000|||1468349.0|||Series C|||177
1611802363000|||990928.0|||Series B|||133
1578364965000|||nan|||Series A|||956
1643412423000|||3779344.0|||Series A|||298
1589874687000|||4739051.0|||Series A|||890
1552617011000|||3438365.0|||Series B|||569
1643282097000|||188988.0|||Seed|||332
1621365755000|||nan|||Seed|||413
1577061188000|||3247544.0|||Series C|||660
1575655622000|||1364178.0|||Seed|||491
1587532680000|||4271160.0|||Series A|||110
1600676463000|||2360829.0|||Series B|||625
1598261975000|||2876256.0|||Seed|||829
1592631111000|||3390013.0|||Series C|||714
1548983208000|||253271.0|||Seed|||301
1562264454000|||3567611.0|||Seed|||276
1567821916000|||1265386.0|||Series A|||375
1629886180000|||3111356.0|||Series A|||551
1643504673000|||768957.0|||Seed|||205
1577714671000|||3724691.0|||Series A|||236
1599159873000|||2726552.0|||Series C|||580
1577584545000|||346152.0|||Series B|||46
1561579433000|||504540.0|||Series C|||711
1586064181000|||1415206.0|||Series A|||706
1600726729000|||2270763.0|||Series A|||103
1552984070000|||553004.0|||Seed|||550
1585170835000|||2663704.0|||Series A|||859
1584938280000|||4449883.0|||Series A|||796
1556598419000|||1293459.0|||Series C|||914
1558914517000|||122916.0|||Series C|||404
1550311136000|||4468911.0|||Series A|||701
1635986492000|||3675973.0|||Series C|||462
1579846392000|||2080403.0|||Series B|||185
1597982220000|||1898236.0|||Seed|||842
1639208350000|||747037.0|||Series A|||114
1609483415000|||nan|||Series B|||605
1571048640000|||3923583.0|||Series B|||451
1574088699000|||3985168.0|||Series A|||814
1609939029000|||1598004.0|||Series A|||351
1638787699000|||nan|||Series C|||21
1597025542000|||4477981.0|||Seed|||164
1631662207000|||1392043.0|||Series B|||223
1591825872000|||4548633.0|||Seed|||711
1585145042000|||1114136.0|||Series C|||583
1635711005000|||4978059.0|||Series A|||579
1586902322000|||3082409.0|||Seed|||140
1549087653000|||4710487.0|||Series A|||669
1642351025000|||2017364.0|||Series B|||611
1597530101000|||2654322.0|||Series C|||645
1640317859000|||4877292.0|||Seed|||1
1637415533000|||666543.0|||Series C|||608
1548975749000|||4061966.0|||Series B|||232
1572304161000|||722795.0|||Series A|||117
1630996477000|||3609669.0|||Series B|||510
1611582967000|||284000.0|||Seed|||676
1574437712000|||2266467.0|||Series B|||880
1603554225000|||564921.0|||Series B|||115
1561205013000|||549866.0|||Series B|||547
1584600150000|||3870215.0|||Series C|||384
1593389102000|||2181281.0|||Series C|||806
1633376098000|||2389573.0|||Series B|||208
1641098817000|||910275.0|||Seed|||391
1595713521000|||4140574.0|||Series A|||503
1636209904000|||2433170.0|||Series C|||207
1596937962000|||2325325.0|||Series B|||612
1634334372000|||2757356.0|||Series C|||969
1594866550000|||2054096.0|||Seed|||949
1623797703000|||119764.0|||Series C|||765
1624816481000|||356160.0|||Series B|||366
1632675713000|||nan|||Seed|||360
1554514412000|||1498456.0|||Series C|||26
1630878678000|||2904041.0|||Series A|||916
1547648700000|||879606.0|||Series B|||524
1636492073000|||1232163.0|||Series C|||0
1639753917000|||586835.0|||Series B|||119
1553074964000|||4564728.0|||Series A|||903
1602623065000|||1607592.0|||Series C|||856
1582564991000|||2656252.0|||Series A|||101
1617420551000|||1416467.0|||Series C|||26
1569723344000|||3695814.0|||Series A|||543
1566182679000|||1960104.0|||Series C|||617
1563164441000|||419142.0|||Series A|||458
1634235217000|||1731330.0|||Series C|||620
1572319458000|||1614185.0|||Seed|||292
1573680098000|||2890435.0|||Series A|||361
1640765084000|||503558.0|||Series B|||107
1626786435000|||3414069.0|||Seed|||941
1615675143000|||nan|||Series C|||449
1585670272000|||3582465.0|||Seed|||784
1627756695000|||503185.0|||Seed|||1
1632519855000|||1867465.0|||Series A|||364
1631662556000|||nan|||Seed|||724
1566190325000|||1193834.0|||Series B|||860
1631603945000|||nan|||Series B|||414
1558080985000|||3860415.0|||Seed|||715
1555290553000|||1276180.0|||Series A|||228
1636914647000|||1981286.0|||Series B|||144
1600637444000|||4009890.0|||Series B|||828
1602429691000|||nan|||Series C|||889
1612367195000|||4166384.0|||Seed|||82
1598785186000|||3633210.0|||Series B|||568
1639034258000|||2109492.0|||Seed|||198
1598107714000|||629397.0|||Series A|||599
1587503843000|||1263440.0|||Series B|||409
1639330125000|||3618028.0|||Series B|||514
1641429832000|||2839793.0|||Series A|||552
1557876750000|||2340591.0|||Series A|||758
1551884412000|||2716342.0|||Series C|||887
1564582629000|||933368.0|||Seed|||302
1624329350000|||4012461.0|||Series C|||102
1639861206000|||1492312.0|||Series A|||35
1590406019000|||4919247.0|||Series B|||710
1621857201000|||3891668.0|||Series A|||901
1584644224000|||4081258.0|||Series C|||889
1589167282000|||4070661.0|||Series B|||457
1610703371000|||1876860.0|||Series A|||136
1589287079000|||1871667.0|||Series C|||563
1576382474000|||nan|||Series A|||370
1557785903000|||1758745.0|||Series B|||404
1569538589000|||3176641.0|||Series C|||229
1614461032000|||675768.0|||Seed|||142
1581952661000|||2474248.0|||Series B|||534
1598346950000|||4741437.0|||Series A|||182
1550963666000|||889200.0|||Series C|||12
1581262366000|||nan|||Seed|||276
1560936445000|||1459067.0|||Seed|||444
1594063338000|||3644146.0|||Series A|||177
1603457632000|||3169282.0|||Seed|||581
1557654118000|||2455665.0|||Series C|||792
1587895558000|||227329.0|||Series B|||252
1642896013000|||860190.0|||Series C|||287
1627441512000|||4215222.0|||Seed|||486
1628322245000|||3013662.0|||Seed|||431
1575505457000|||2704957.0|||Series A|||10
1623923000000|||1810135.0|||Series A|||124
1582558410000|||2892013.0|||Series B|||677
1551224391000|||71253.0|||Series C|||492
1570328670000|||418399.0|||Series B|||377
1622114584000|||4341423.0|||Series B|||934
1568240848000|||1612778.0|||Series B|||198
1561259363000|||nan|||Series B|||456
1588457724000|||3657289.0|||Series C|||974
1589091765000|||nan|||Series B|||694
1605755071000|||1811884.0|||Series A|||971
1573387893000|||3492699.0|||Series B|||615
1577362315000|||1599161.0|||Series B|||904
1634475854000|||3443191.0|||Series B|||67
1601287837000|||887410.0|||Series B|||709
1607177644000|||1234385.0|||Series B|||468
1600386195000|||2911439.0|||Series A|||265
1567928489000|||944842.0|||Series B|||629
1605997897000|||439160.0|||Series A|||790
1632543001000|||2087800.0|||Seed|||359
1635357335000|||4678051.0|||Series C|||858
1582375918000|||2021969.0|||Seed|||623
1644689226000|||350883.0|||Series B|||698
1588589468000|||4244822.0|||Series B|||238
1626914680000|||3630819.0|||Seed|||803
1572601242000|||3395008.0|||Series C|||344
1619185677000|||1357077.0|||Series C|||624
1629434665000|||3407906.0|||Seed|||687
1600636192000|||1704533.0|||Seed|||551
1590267510000|||118390.0|||Seed|||703
1618939764000|||2959110.0|||Series C|||105
1628413317000|||1361583.0|||Series A|||618
1588333678000|||3143845.0|||Series C|||100
1595161341000|||997068.0|||Seed|||27
1607489161000|||2383319.0|||Series C|||573
1556479852000|||1266507.0|||Series A|||988
1558208287000|||1811731.0|||Series A|||197
1581891175000|||2515353.0|||Series A|||35
1591795674000|||nan|||Seed|||419
1604422449000|||2528863.0|||Series B|||509
1575398859000|||2992632.0|||Series C|||178
1550169985000|||3427230.0|||Series A|||17
1572596135000|||821789.0|||Series B|||143
1625017428000|||2251653.0|||Seed|||964
1636217634000|||156423.0|||Series B|||998
1570784293000|||2205089.0|||Series B|||857
1594702752000|||3319323.0|||Series C|||805
1604521798000|||4931629.0|||Series B|||566
1616161451000|||640012.0|||Series A|||515
1577814342000|||4411595.0|||Seed|||229
1635577360000|||3070013.0|||Series A|||470
1582860768000|||2016286.0|||Seed|||283
1564299911000|||1953979.0|||Series B|||969
1580550233000|||3867380.0|||Series B|||189
1593215848000|||1057119.0|||Series A|||355
1570844431000|||1382059.0|||Series A|||28
1627154967000|||530982.0|||Series C|||479
1616362739000|||2089011.0|||Series C|||51
1619826473000|||2340707.0|||Series A|||562
1551549273000|||2668238.0|||Series C|||790
1580545294000|||3079611.0|||Series C|||166
1630648253000|||852221.0|||Series C|||606
1632457396000|||4022079.0|||Series A|||972
1579695991000|||2099294.0|||Series B|||283
1572938118000|||1729207.0|||Series B|||34
1610420381000|||2204416.0|||Series B|||655
1569710145000|||2316166.0|||Series C|||869
1591639073000|||3897181.0|||Series A|||455
1576492114000|||552013.0|||Series C|||175
1635799722000|||844906.0|||Series A|||175
1575578026000|||3581745.0|||Series A|||877
1632131093000|||3577891.0|||Seed|||179
1624671494000|||1240397.0|||Series B|||617
1589499548000|||4518279.0|||Series C|||740
1548575459000|||2189573.0|||Series C|||750
1561596817000|||2086622.0|||Seed|||782
1589898756000|||2652292.0|||Seed|||289
1599334046000|||4497127.0|||Seed|||839
1643759674000|||442563.0|||Seed|||533
1614656240000|||4778174.0|||Seed|||645
1581510968000|||2382898.0|||Series A|||522
1628673623000|||nan|||Series C|||585
1547713968000|||627430.0|||Seed|||816
1601531833000|||3890130.0|||Series C|||880
1551931422000|||302743.0|||Series A|||769
1629561307000|||3084978.0|||Series A|||881
1635263267000|||2332178.0|||Series C|||395
1637008552000|||1026912.0|||Series A|||621
1590937272000|||4379637.0|||Series A|||733
1571462167000|||4024044.0|||Series B|||146
1607786248000|||448340.0|||Series B|||561
1568736084000|||1724704.0|||Series B|||380
1614769681000|||2194841.0|||Seed|||432
1635392775000|||391606.0|||Seed|||5
1575665688000|||1704637.0|||Series C|||963
1631587622000|||3487226.0|||Seed|||265
1570510908000|||4399025.0|||Series C|||37
1591101160000|||998788.0|||Seed|||129
1553213563000|||3452593.0|||Series B|||170
1626325244000|||331405.0|||Seed|||535
1601742590000|||4494397.0|||Series C|||749
1596245442000|||1361546.0|||Series A|||256
1582250475000|||3519497.0|||Seed|||238
1633932127000|||522975.0|||Series B|||462
1638924609000|||3926315.0|||Seed|||223
1564619923000|||1905072.0|||Series A|||742
1641549643000|||3348415.0|||Seed|||75
1547924742000|||2082860.0|||Series C|||209
1608627995000|||1764155.0|||Series A|||481
1602779452000|||nan|||Series C|||737
1646779764000|||564897.0|||Series C|||6
1585007190000|||185367.0|||Series B|||398
1626413350000|||3569497.0|||Series B|||477
1581457342000|||4569740.0|||Series C|||516
1595638821000|||2531335.0|||Series C|||829
1646227333000|||2318369.0|||Series C|||315
1606669760000|||1887963.0|||Series A|||966
1563113413000|||1092541.0|||Series A|||132
1629515865000|||927756.0|||Series B|||971
1547229149000|||2056142.0|||Series C|||183
1595904052000|||4675170.0|||Seed|||22
1626876062000|||3049662.0|||Seed|||632
1552464718000|||1286111.0|||Series B|||441
1617493794000|||3064136.0|||Series A|||237
1610601731000|||3006606.0|||Series C|||470
1615376205000|||3971194.0|||Series A|||395
1591746832000|||3454719.0|||Seed|||200
1643468709000|||300987.0|||Series B|||675
1604761646000|||2380711.0|||Series C|||224
1611510243000|||4342417.0|||Series B|||171
1645023493000|||1473903.0|||Series A|||432
1613605676000|||1334396.0|||Series C|||757
1581730708000|||3952447.0|||Series C|||251
1550870128000|||4749405.0|||Series B|||677
1602507629000|||3178264.0|||Series B|||191
1605168021000|||2906640.0|||Seed|||546
1645888598000|||446400.0|||Series A|||635
1593819866000|||2569703.0|||Series A|||445
1619066179000|||2267796.0|||Series C|||625
1575480835000|||2544638.0|||Series A|||395
1640957421000|||1429913.0|||Series A|||773
1550554891000|||4226121.0|||Series A|||64
1626988622000|||1078759.0|||Series A|||832
1630978835000|||2814437.0|||Series C|||26
1626621102000|||3631819.0|||Series A|||17
1547890410000|||2192350.0|||Series A|||575
1550133042000|||1529187.0|||Series B|||355
1567008929000|||3569809.0|||Seed|||628
1586813455000|||1542270.0|||Seed|||424
1589013099000|||4567705.0|||Seed|||630
1621684928000|||1292668.0|||Series A|||220
1558088088000|||4250224.0|||Seed|||472
1591617039000|||1581656.0|||Series C|||393
1639809939000|||2901735.0|||Series B|||362
1572926586000|||1000800.0|||Series A|||927
1638933382000|||4553666.0|||Series B|||878
1571278529000|||4790398.0|||Series C|||544
1617356149000|||3310455.0|||Series C|||492
1613088393000|||1086287.0|||Series C|||647
1560344405000|||2729247.0|||Seed|||567
1560736235000|||4819262.0|||Series A|||28
1572503418000|||1144237.0|||Series C|||83
1585871091000|||869080.0|||Series B|||953
1586524567000|||3707855.0|||Seed|||461
1608163364000|||2394261.0|||Series A|||699
1550634686000|||nan|||Seed|||375
1555092233000|||4986169.0|||Series A|||606
1554339135000|||3105368.0|||Series A|||910
1583532315000|||3276349.0|||Series A|||780
1618597485000|||1017556.0|||Series C|||977
1570280141000|||171222.0|||Series C|||888
1581951685000|||2110396.0|||Series B|||999
1617606531000|||409606.0|||Series A|||77
1570770805000|||3255495.0|||Series B|||384
1636184702000|||1389516.0|||Series A|||59
1557881330000|||705156.0|||Series B|||449
1585438450000|||1602443.0|||Series B|||805
1620894282000|||93853.0|||Seed|||974
1637680532000|||3727742.0|||Series A|||396
1625763670000|||2642309.0|||Series C|||916
1618597092000|||4716538.0|||Seed|||187
1609521669000|||4003404.0|||Series A|||223
1638945313000|||369973.0|||Seed|||737
1595953727000|||4737161.0|||Series B|||732
1578458529000|||1430002.0|||Series B|||439
1583164396000|||3878583.0|||Seed|||33
1584897505000|||nan|||Series B|||260
1600332150000|||1555323.0|||Seed|||642
1569259943000|||4720374.0|||Series B|||956
1616190852000|||2892265.0|||Series A|||656
1576600663000|||3865762.0|||Series B|||565
1594587829000|||196812.0|||Series A|||463
1617528767000|||3387871.0|||Series B|||847
1547393092000|||4508643.0|||Series B|||907
1602560826000|||1189634.0|||Series C|||675
1550754774000|||2488390.0|||Seed|||770
1606944330000|||nan|||Series A|||114
1619976813000|||2738694.0|||Series B|||837
1570950618000|||1901589.0|||Seed|||415
1622619363000|||2947948.0|||Series B|||384
1629472617000|||3121124.0|||Series A|||341
1645143870000|||4608298.0|||Seed|||936
1639748699000|||48261.0|||Series A|||682
1634403998000|||2262120.0|||Series C|||779
1618155382000|||2128641.0|||Seed|||192
1566333507000|||1071167.0|||Series B|||137
1616933570000|||2879608.0|||Series C|||185
1635219153000|||3370007.0|||Series A|||235
1558752680000|||289531.0|||Series B|||815
1608271307000|||55683.0|||Series C|||882
1627436625000|||2055081.0|||Series C|||331
1644801396000|||3889649.0|||Series C|||184
1627899069000|||2699482.0|||Seed|||705
1571462364000|||nan|||Series C|||611
1556330454000|||1038089.0|||Series A|||193
1646725126000|||4600966.0|||Series B|||253
1595620029000|||3265811.0|||Series C|||236
1642302716000|||1133654.0|||Series A|||856
1616152599000|||1547480.0|||Seed|||306
1550127025000|||1897654.0|||Series B|||558
1580257992000|||4591622.0|||Series B|||992
1564670300000|||2519797.0|||Seed|||780
1572589866000|||1431245.0|||Series B|||406
1608801154000|||nan|||Seed|||768
1621021308000|||3437491.0|||Series B|||287
1588942900000|||nan|||Series A|||4
1646522835000|||209488.0|||Series A|||349
1628608577000|||998263.0|||Series A|||950
1608914598000|||1740475.0|||Seed|||500
1582455783000|||227888.0|||Series C|||18
1554691023000|||2097282.0|||Seed|||714
1580441088000|||1507422.0|||Series C|||307
1621858045000|||4433545.0|||Seed|||577
1631022833000|||1492504.0|||Series C|||611
1563025504000|||2940381.0|||Series B|||866
1611033201000|||1488354.0|||Series A|||858
1612377996000|||3332837.0|||Series C|||838
1562489725000|||4817844.0|||Series C|||778
1646129933000|||36310.0|||Series B|||784
1624406571000|||2130036.0|||Series C|||95
1582144409000|||3278985.0|||Series B|||709
1553689842000|||4108961.0|||Series B|||589
1608474753000|||538645.0|||Series C|||205
1594498396000|||1570107.0|||Series C|||431
1602169065000|||1571642.0|||Seed|||9
1581795270000|||4679162.0|||Series B|||377
1616916091000|||2543653.0|||Series B|||374
1586574716000|||1455839.0|||Series B|||735
1572878077000|||2095964.0|||Series B|||894
1592626751000|||nan|||Series B|||7
1573402461000|||1244610.0|||Series B|||437
1564297141000|||3129098.0|||Series B|||73
1559387729000|||249112.0|||Series A|||182
1564961561000|||2333995.0|||Series B|||344
1596771109000|||2448840.0|||Series C|||224
1645233783000|||1095395.0|||Seed|||870
1573167312000|||4085963.0|||Series B|||327
1610582156000|||4397254.0|||Seed|||586
1569075961000|||4611627.0|||Seed|||511
1615318018000|||4089209.0|||Series A|||611
1556650891000|||4655865.0|||Series A|||37
1569954651000|||3634437.0|||Series B|||384
1594292404000|||2117787.0|||Seed|||621
1603258608000|||4247018.0|||Series A|||396
1574045360000|||256254.0|||Series B|||787
1568230951000|||4549142.0|||Series C|||803
1613737408000|||1411052.0|||Series C|||704
1546505223000|||3409586.0|||Series C|||634
1593506298000|||4353621.0|||Series B|||32
1646685514000|||4513332.0|||Seed|||569
1565338706000|||1426254.0|||Series A|||908
1607021176000|||4823743.0|||Series C|||699
1571300713000|||2815418.0|||Seed|||677
1620030421000|||621672.0|||Series A|||311
1587728279000|||3633292.0|||Series B|||861
1554468097000|||3110981.0|||Series C|||673
1561845300000|||3334633.0|||Seed|||305
1622580247000|||346624.0|||Series A|||616
1577798144000|||3549234.0|||Seed|||516
1580101295000|||4269059.0|||Series A|||94
1639983507000|||988154.0|||Series A|||975
1559751565000|||2850590.0|||Seed|||924
1564268206000|||711115.0|||Series C|||370
1560743622000|||nan|||Seed|||390
1568121738000|||3073719.0|||Seed|||206
1610654890000|||1569987.0|||Series A|||890
1561154147000|||2103248.0|||Seed|||901
1625635410000|||3227223.0|||Series B|||165
1646173997000|||nan|||Series A|||429
1632793736000|||3043182.0|||Series B|||531
1591556474000|||851437.0|||Series C|||911
1588472596000|||4219898.0|||Seed|||269
1567031216000|||3163756.0|||Series B|||363
1626380531000|||77304.0|||Series B|||182
1605736556000|||2499247.0|||Series B|||481
1639682871000|||1914243.0|||Series A|||679
1597329997000|||2632526.0|||Series A|||602
1593317227000|||4786596.0|||Series A|||37
1551685739000|||4783042.0|||Series A|||810
1590594069000|||3556162.0|||Series C|||862
1633504588000|||1616681.0|||Series B|||234
1557102526000|||3442738.0|||Series C|||900
1647315778000|||463031.0|||Series C|||465
1548131998000|||1352410.0|||Seed|||656
1637916471000|||4751752.0|||Seed|||201
1610012419000|||4630811.0|||Series B|||581
1575531200000|||1559304.0|||Series C|||312
1635413832000|||3350558.0|||Seed|||289
1584595475000|||4581218.0|||Series B|||639
1622833538000|||1319629.0|||Series A|||914
1557661294000|||2573825.0|||Series A|||938
1547611112000|||2563617.0|||Series B|||711
1633320435000|||4307734.0|||Series A|||787
1580990316000|||2004596.0|||Series B|||880
1605945682000|||274941.0|||Series C|||812
1582071787000|||1821755.0|||Series C|||75
1624712065000|||1672347.0|||Seed|||635
1590834162000|||256293.0|||Series B|||168
1565844907000|||224593.0|||Series B|||178
1611134186000|||2647836.0|||Series B|||248
1572035072000|||2553644.0|||Series C|||467
1599123183000|||4455355.0|||Series C|||436
1634461099000|||4699010.0|||Series B|||429
1642638670000|||nan|||Seed|||551
1602204573000|||nan|||Series A|||349
1551690355000|||932854.0|||Seed|||23
1616211501000|||4762510.0|||Series B|||910
1577523469000|||4391600.0|||Series B|||445
1625613604000|||3374250.0|||Series B|||71
1627693993000|||548321.0|||Series A|||308
1571847498000|||976473.0|||Seed|||449
1598141567000|||3397420.0|||Series B|||680
1546613747000|||4160716.0|||Series B|||793
1621462120000|||75212.0|||Series C|||781
1598396207000|||4740598.0|||Seed|||839
1642960001000|||2815255.0|||Series A|||497
1559697086000|||2704715.0|||Series A|||71
1590554890000|||4109091.0|||Series A|||633
1567588209000|||1202975.0|||Series C|||361
1552066381000|||4745351.0|||Series A|||930
1560758100000|||2226303.0|||Series A|||998
1562091614000|||1150751.0|||Series A|||760
1607811431000|||nan|||Series A|||787
1631208479000|||nan|||Series A|||421
1590688958000|||1319230.0|||Series A|||844
1560625638000|||1013392.0|||Seed|||844
1566232076000|||4539126.0|||Series C|||329
1565328005000|||2676002.0|||Seed|||410
1595052390000|||56750.0|||Series B|||421
1622399661000|||2856466.0|||Series A|||682
1574094434000|||1022935.0|||Series B|||600
1623436063000|||3730501.0|||Series B|||658
1550650887000|||3114707.0|||Series C|||820
1605152393000|||2574815.0|||Series A|||88
1609415864000|||3894659.0|||Series C|||964
1574125130000|||2152511.0|||Series B|||779
1629395800000|||2669813.0|||Series A|||656
1599584099000|||4956694.0|||Series A|||119
1583108062000|||2949580.0|||Series A|||540
1614201328000|||3562755.0|||Seed|||309
1562864467000|||453910.0|||Series A|||667
1564578325000|||353051.0|||Series C|||164
1550548878000|||1777732.0|||Series C|||286
1621184424000|||1907351.0|||Series C|||946
1569051933000|||3230962.0|||Series C|||438
1643953703000|||2802930.0|||Series B|||597
1561119884000|||3902072.0|||Series C|||196
1557162593000|||1517689.0|||Series C|||846
1572883079000|||3589323.0|||Series B|||946
1596331804000|||1131009.0|||Series A|||164
1590260809000|||1341690.0|||Seed|||727
1591882095000|||1933797.0|||Series A|||667
1556090102000|||4903968.0|||Series C|||691
1569682816000|||3224444.0|||Series C|||38
1618588062000|||289575.0|||Series A|||979
1598678587000|||4049695.0|||Series C|||458
1585691343000|||94284.0|||Series B|||906
1641776864000|||25043.0|||Series B|||764
1611943240000|||1888830.0|||Series A|||850
1623149482000|||2293181.0|||Series A|||90
1551754574000|||4375306.0|||Series B|||182
1618579852000|||2586389.0|||Series A|||619
1582999367000|||3944029.0|||Seed|||138
1618299541000|||3448298.0|||Series A|||448
1601571902000|||nan|||Series C|||616
1633302034000|||3466519.0|||Series C|||324
1587516974000|||4897321.0|||Series A|||877
1625730275000|||4520777.0|||Series B|||384
1587024384000|||4011901.0|||Seed|||62
1594382978000|||4005912.0|||Series A|||464
1569288028000|||652661.0|||Series A|||755
1580304577000|||2079555.0|||Series A|||121
1578670990000|||2397790.0|||Series B|||740
1631072132000|||1253370.0|||Series A|||198
1570126446000|||1517723.0|||Series A|||703
1562378226000|||331620.0|||Series B|||531
1574391861000|||4716121.0|||Series C|||383
1591439892000|||1220987.0|||Series A|||368
1574066424000|||nan|||Series B|||891
1554296024000|||4151097.0|||Series B|||398
1610408718000|||603372.0|||Series C|||849
1630020045000|||3091233.0|||Series C|||899
1619694791000|||880777.0|||Seed|||520
1592204514000|||3538951.0|||Series B|||375
1613545928000|||1021646.0|||Series A|||751
1572308532000|||4761465.0|||Series B|||48
1616200683000|||2507472.0|||Seed|||281
1563421597000|||2783206.0|||Series C|||56
1601764344000|||2190363.0|||Seed|||65
1581447672000|||4125043.0|||Seed|||158
1580544599000|||3658297.0|||Series A|||175
1624599565000|||1528112.0|||Seed|||316
1560082778000|||298908.0|||Series A|||116
1569454801000|||4748748.0|||Series C|||849
1622332452000|||332581.0|||Seed|||740
1640059857000|||1058684.0|||Series B|||940
1570108339000|||4704922.0|||Series A|||227
1585375064000|||590699.0|||Seed|||973
1605317200000|||3274785.0|||Seed|||553
1587084408000|||4334325.0|||Series C|||32
1633529934000|||4819777.0|||Series B|||210
1575558960000|||1334687.0|||Seed|||179
1597401906000|||2010454.0|||Seed|||664
1607101105000|||4183676.0|||Series A|||915
1591797917000|||4803283.0|||Series B|||654
1560786564000|||403229.0|||Series B|||247
1628163991000|||3783376.0|||Series B|||598
1597965147000|||4936683.0|||Series A|||723
1626156914000|||1877801.0|||Series B|||122
1641657008000|||834439.0|||Series C|||784
1578310779000|||4206635.0|||Series B|||405
1570649961000|||3763302.0|||Seed|||107
1549274794000|||nan|||Series A|||198
1646614208000|||4951408.0|||Series B|||173
1558782621000|||1162071.0|||Seed|||645
1597954447000|||89477.0|||Series B|||789
1555277349000|||680108.0|||Series B|||461
1557348431000|||4352414.0|||Series A|||298
1604277372000|||1690051.0|||Seed|||443
1643559950000|||3193112.0|||Seed|||642
1562991948000|||1882758.0|||Series C|||959
1586528853000|||768108.0|||Series A|||79
1625157828000|||407960.0|||Series C|||549
1597363304000|||1362945.0|||Series A|||11
1643065808000|||4993020.0|||Series A|||191
1591372518000|||3628159.0|||Series C|||908
1623803109000|||734710.0|||Seed|||238
1576537828000|||2702279.0|||Series C|||109
1600895522000|||507991.0|||Seed|||324
1613901092000|||2951960.0|||Series C|||890
1547023896000|||2396713.0|||Series A|||101
1631584856000|||1512531.0|||Series A|||476
1638148552000|||1238146.0|||Series C|||767
1614747440000|||2951767.0|||Series C|||481
1559859429000|||4913958.0|||Series B|||502
1568248668000|||nan|||Seed|||223
1634010446000|||4977113.0|||Series B|||104
1628646797000|||3895717.0|||Series A|||451
1574309117000|||4887510.0|||Series A|||258
1557684649000|||2359280.0|||Series A|||673
1572187428000|||3894368.0|||Series C|||201
1596542671000|||1567427.0|||Series C|||699
1570269751000|||2716147.0|||Series A|||720
1594713424000|||3079530.0|||Series B|||109
1595197225000|||1588441.0|||Series B|||938
1634356403000|||2550529.0|||Series A|||947
1612150763000|||1759543.0|||Series B|||748
1591494086000|||403775.0|||Series C|||705
1598018252000|||526386.0|||Seed|||436
1594894614000|||4017479.0|||Series B|||746
1559936477000|||2425573.0|||Series A|||552
1626179379000|||4328151.0|||Seed|||38
1632658900000|||1512935.0|||Series B|||627
1564697451000|||3884081.0|||Series A|||878
1573623994000|||3211361.0|||Seed|||634
1551736983000|||3970478.0|||Seed|||360
1606906682000|||4865552.0|||Series A|||939
1587078617000|||1959063.0|||Series B|||437
1634080176000|||nan|||Seed|||645
1635413626000|||4928972.0|||Series B|||213
1578135444000|||1363879.0|||Seed|||358
1560801670000|||4642978.0|||Series B|||794
1564969008000|||2429737.0|||Seed|||191
1618324017000|||620807.0|||Series C|||794
1584046046000|||3928066.0|||Series B|||479
1602277181000|||3276334.0|||Series B|||923
1568713682000|||4813835.0|||Series B|||318
1629315168000|||2117740.0|||Series B|||242
1558328642000|||342177.0|||Seed|||824
1548148385000|||1369406.0|||Series A|||26
1643117928000|||1319643.0|||Series B|||32
1577303948000|||3488492.0|||Series A|||78
1555029919000|||2633452.0|||Series C|||717
1596587339000|||2463419.0|||Series A|||994
1610287340000|||4297043.0|||Series B|||14
1590334584000|||120855.0|||Seed|||173
1574817145000|||2128397.0|||Series C|||167
1606411197000|||1908156.0|||Seed|||414
1566661555000|||4058603.0|||Seed|||471
1559276134000|||4355571.0|||Series A|||976
1585629228000|||3877903.0|||Series A|||108
1590189028000|||1184951.0|||Series B|||72
1629461470000|||2041374.0|||Series C|||213
1639637643000|||3458974.0|||Series B|||534
